,id,type,distance,moving_time,elapsed_time,total_elevation_gain,start_date_local,average_speed,max_speed,average_heartrate,max_heartrate,elev_high,elev_low,start_latitude,start_longitude,end_latitude,end_longitude
0,9796090943,Run,6341.7,1944,1953,45.6,2023-09-06T17:40:31Z,3.262,5.268,,,63.9,22.4,-34.03013829141855,18.46482097171247,-34.030012395232916,18.465559165924788
1,9789338834,Run,6266.6,1939,1948,48.6,2023-09-05T18:08:41Z,3.232,7.078,,,63.9,19.8,-34.02991843409836,18.46491334028542,-34.03024415485561,18.465402675792575
2,9782174060,Run,6292.4,1988,2001,46.5,2023-09-04T17:00:33Z,3.165,4.756,,,63.9,22.5,-34.03014851734042,18.464936055243015,-34.030134519562125,18.465616330504417
3,9775051608,Run,6234.2,2012,2012,49.5,2023-09-03T14:04:12Z,3.099,6.094,,,64.8,22.4,-34.030052879825234,18.464628690853715,-34.030462419614196,18.465554639697075
4,9762745051,Run,6250.6,1976,1979,48.8,2023-09-01T17:22:25Z,3.163,5.248,,,63.9,22.4,-34.030060172080994,18.4649938903749,-34.0302306599915,18.465449698269367
5,9743724307,Run,6304.8,1977,1977,46.6,2023-08-29T17:43:58Z,3.189,7.495,162.2,180.0,63.9,22.5,-34.02996304726582,18.46563599691564,-34.03023828348832,18.46568421649339
6,9737653442,Run,6258.4,1924,1944,51.0,2023-08-28T18:00:54Z,3.253,15.367,145.1,176.0,64.1,22.4,-34.03004319758548,18.46514897700123,-34.03022906679315,18.46564339899514
7,9714086049,Workout,0.0,4586,4586,0.0,2023-08-24T18:07:49Z,0.0,0.0,128.9,158.0,0.0,0.0,,,,
8,9706121774,Run,6269.2,1918,1918,46.7,2023-08-23T17:06:40Z,3.269,13.203,155.6,199.0,63.9,22.4,-34.03013782185891,18.46488501665952,-34.03023744764141,18.4656504549004
9,9692740520,Run,6190.0,1881,1885,46.8,2023-08-21T18:05:45Z,3.291,7.293,167.6,203.0,63.9,22.4,-34.02988988973458,18.46560092577646,-34.03013755182888,18.46564639599644
10,9673109353,Run,6265.6,1918,1921,47.0,2023-08-18T16:48:07Z,3.267,11.076,157.9,180.0,65.0,22.5,-34.03010944949158,18.46541333744513,-34.03021560071875,18.46561368224604
11,9666989401,Run,6412.7,1900,1939,47.5,2023-08-17T17:29:39Z,3.375,8.833,151.1,174.0,65.8,22.5,-34.03005924578142,18.46510750923676,-34.03027857228662,18.46557083436533
12,9660278377,Run,4655.8,1838,1956,25.0,2023-08-16T17:18:21Z,2.533,10.845,129.3,155.0,70.5,48.9,-34.01589141197654,18.44606958822722,-34.01698819839228,18.45028227783148
13,9653160041,Run,6305.8,1986,1996,46.5,2023-08-15T16:40:59Z,3.175,6.084,151.1,175.0,63.9,22.5,-34.03008584969739,18.46490628083935,-34.03019340666885,18.465599853242
14,9646573201,Run,6568.9,2121,2261,46.7,2023-08-14T17:34:09Z,3.097,10.797,143.6,167.0,63.9,22.4,-34.03006928641939,18.46517906155349,-34.03053862082873,18.46485394061171
15,9646473580,Run,5008.9,1625,1625,45.5,2023-08-09T17:39:38Z,3.082,4.646,81.6,180.0,62.7,22.4,-34.03,18.465272,-34.033743,18.458591
16,9607268590,Run,6306.0,1936,1939,46.7,2023-08-08T17:35:55Z,3.257,6.201,154.2,182.0,63.9,22.4,-34.03002862795603,18.46488887552825,-34.03022729711738,18.46562146631597
17,9600670955,Run,6469.6,2044,2285,46.8,2023-08-07T17:35:32Z,3.165,5.989,151.7,176.0,63.9,22.4,-34.03007761491207,18.46482260915161,-34.03057447791841,18.46474318167077
18,9582273492,Run,6168.5,1956,1964,44.1,2023-08-04T17:26:50Z,3.154,5.13,154.9,174.0,62.3,22.5,-34.03009256054342,18.46527440710783,-34.03027894575431,18.4656285524035
19,9569503979,Run,12789.1,5011,5704,99.1,2023-08-02T15:53:20Z,2.552,8.607,142.1,173.0,70.5,22.5,-34.03004582287408,18.46452370586776,-34.03018185486399,18.4655701634669
20,9562967675,Run,6356.2,1905,1911,46.6,2023-08-01T17:22:36Z,3.337,11.956,151.0,175.0,63.9,22.5,-34.03010520840559,18.46494567030269,-34.03021704670217,18.46568380863779
21,9556547876,Run,6385.3,1946,1953,49.2,2023-07-31T17:26:45Z,3.281,8.477,148.7,171.0,63.8,22.5,-34.03008906365924,18.46496056222009,-34.03013032578534,18.46569252700954
22,9544448705,Run,4854.5,1517,1699,40.5,2023-07-29T17:29:25Z,3.2,7.533,149.5,177.0,57.5,22.3,-34.03007546976009,18.46551360480035,-34.03003049716734,18.46459974071637
23,9533466917,Workout,0.0,5261,5261,0.0,2023-07-27T18:07:18Z,0.0,0.0,127.4,161.0,0.0,0.0,,,,
24,9525943029,Run,6352.8,1972,1972,46.6,2023-07-26T17:18:26Z,3.222,7.529,152.3,176.0,64.2,22.5,-34.03002165933279,18.4651030756762,-34.03032365346679,18.4657367285217
25,9519434323,Run,6434.6,2009,2083,49.5,2023-07-25T17:34:10Z,3.203,11.2,159.6,186.0,63.7,22.4,-34.03007742750705,18.46492738189296,-34.03019046206512,18.46455910475048
26,9513118621,Run,6279.8,1982,1982,46.5,2023-07-24T17:47:30Z,3.168,6.463,127.1,132.0,63.9,22.5,-34.03009097998045,18.46506788282887,-34.0301617264824,18.46567676180964
27,9475883685,Workout,0.0,3128,3128,0.0,2023-07-18T16:05:14Z,0.0,0.0,140.3,178.0,,,,,,
28,9450477513,Run,6335.6,1961,1961,46.8,2023-07-14T17:28:11Z,3.231,10.605,155.5,190.0,63.6,22.0,-34.03008318231331,18.4656381803369,-34.03018930132554,18.46563760091723
29,9439050809,Workout,0.0,4360,4360,0.0,2023-07-12T17:18:07Z,0.0,0.0,122.7,162.0,,,,,,
30,9431503300,Run,6199.4,1944,1951,46.7,2023-07-11T17:25:21Z,3.189,8.022,145.2,173.0,63.6,22.0,-34.0299649893401,18.46546065501403,-34.0306236548153,18.46560001389533
31,9425000454,Run,6351.7,1939,1939,46.4,2023-07-10T17:21:51Z,3.276,9.991,150.7,176.0,63.6,22.4,-34.03006440463098,18.46494774660595,-34.03019932296727,18.46566178279522
32,9400201985,Run,6414.1,3129,3857,49.7,2023-07-06T16:54:36Z,2.05,5.988,123.2,156.0,66.0,22.8,-34.02682434988577,18.46618227256603,-34.03066567600148,18.4648734473505
33,9394844002,Workout,0.0,4996,4996,0.0,2023-07-05T17:05:18Z,0.0,0.0,111.7,170.0,,,,,,
34,9392747092,Walk,2391.7,1513,2406,5.7,2023-07-05T13:54:11Z,1.581,10.822,92.2,126.0,26.7,19.1,-34.03002941049635,18.46486019901931,-34.03052390087396,18.46469733864069
35,9387546742,Run,1575.9,499,499,13.9,2023-07-04T17:29:19Z,3.158,10.925,126.9,152.0,34.0,22.0,-34.02880176796056,18.46584943042181,-34.01971880144902,18.46007683662739
36,9381193353,Run,6303.2,1871,1875,46.7,2023-07-03T17:36:30Z,3.369,8.972,161.1,200.0,63.6,22.0,-34.03007093760561,18.46481715816623,-34.03040017581689,18.46546428549862
37,9381193671,Workout,0.0,448,448,0.0,2023-07-03T16:08:06Z,0.0,0.0,128.3,161.0,,,,,,
38,9363298769,Run,4868.9,1453,1453,40.6,2023-06-30T17:48:09Z,3.351,6.272,147.9,182.0,57.3,22.0,-34.03006876844093,18.46531789293886,-34.03013261531945,18.46447360947646
39,9357288431,Run,4592.3,1640,1640,0.0,2023-06-29T15:30:04Z,2.8,11.253,156.0,186.0,,,,,,
40,9351469271,Workout,0.0,1219,1219,0.0,2023-06-28T16:35:52Z,0.0,0.0,97.9,125.0,,,,,,
41,9309090833,Run,6292.9,1994,1998,46.7,2023-06-21T17:22:02Z,3.156,7.905,146.2,167.0,63.6,22.0,-34.03005216368987,18.46517034305001,-34.03026158618432,18.46556110185744
42,9301927001,Run,6298.6,1923,1933,46.7,2023-06-20T17:44:12Z,3.275,7.929,161.1,179.0,63.6,22.0,-34.03005769825318,18.46471564192175,-34.03039354181435,18.46563229847987
43,9295504520,Run,6263.9,1922,1922,48.0,2023-06-19T17:38:54Z,3.259,5.549,151.4,174.0,65.2,22.0,-34.03009175738993,18.46479021354348,-34.03055684879325,18.46560932143451
44,9290181943,Run,5986.2,1986,1999,44.0,2023-06-18T17:29:05Z,3.014,12.177,145.1,171.0,63.4,22.4,-34.02935086664949,18.46571274379404,-34.03031030003127,18.46562207993048
45,9271050361,Run,6345.7,1882,1891,48.8,2023-06-15T17:08:33Z,3.372,7.51,154.4,176.0,63.3,21.5,-34.03012485912246,18.46529528502938,-34.03030681277335,18.46568828960141
46,9251991259,Run,6082.4,2511,2927,30.1,2023-06-12T16:20:58Z,2.422,12.691,137.0,169.0,30.8,12.5,-33.96043156295086,18.47828639701806,-33.95939295716643,18.47936342185931
47,9239880803,Run,6379.7,1923,1926,49.9,2023-06-10T17:16:41Z,3.318,7.499,148.9,185.0,64.2,22.0,-34.03007513040163,18.46470331217356,-34.03015659669691,18.46563626883439
48,9233376886,Run,6281.5,1870,1882,46.7,2023-06-09T17:20:39Z,3.359,25.562,155.7,189.0,63.6,22.0,-34.02999339791071,18.46564479494747,-34.0301252723805,18.46566993124073
49,9214298363,Run,5743.1,1776,1918,45.3,2023-06-06T17:26:52Z,3.234,7.348,151.7,183.0,63.1,22.4,-34.02689603451535,18.46610494820424,-34.03019609251951,18.46572925626372
50,9188886291,Run,6279.9,1873,2064,47.6,2023-06-02T17:07:53Z,3.353,7.873,144.5,169.0,63.0,22.4,-34.03004450068018,18.46503950102712,-34.0302082406072,18.465796312688
51,9182881813,Run,6039.9,2673,3117,32.3,2023-06-01T16:14:28Z,2.26,5.926,118.4,147.0,29.7,13.1,-33.95997784823643,18.47851013754613,-33.95101226854811,18.48413279023087
52,9175746885,Run,6311.6,1924,1928,46.7,2023-05-31T15:23:40Z,3.28,9.428,160.2,185.0,63.6,22.0,-34.03003004800334,18.46485368009693,-34.03042719901728,18.46583210322612
53,9163214635,Run,6254.4,1931,1939,47.6,2023-05-29T15:49:43Z,3.239,8.018,157.3,198.0,64.6,22.0,-34.03009315242216,18.46502163686585,-34.03023880466181,18.46576514197204
54,9144707896,Run,6336.7,1915,1936,46.1,2023-05-26T17:24:01Z,3.309,11.343,149.1,166.0,63.6,22.4,-34.0300809302508,18.46482100621188,-34.03025163301263,18.46573673721713
55,9132356530,Run,6335.7,1943,1943,46.7,2023-05-24T17:06:45Z,3.261,4.986,150.6,173.0,63.6,22.0,-34.03007686979913,18.46483980876511,-34.03013574626656,18.46568415888992
56,9125893368,Run,6313.6,1811,1983,46.1,2023-05-23T17:28:28Z,3.486,8.205,153.7,170.0,63.6,22.4,-34.03007217557342,18.46480412021577,-34.03015763890899,18.46555950662071
57,9119647227,Run,6296.4,1907,1907,45.5,2023-05-22T17:21:46Z,3.302,6.428,156.8,191.0,63.1,22.4,-34.03013566421448,18.46475855939301,-34.03049797525921,18.46600420570809
58,9100979064,Run,6314.4,1885,1889,46.7,2023-05-19T17:19:52Z,3.35,6.236,151.2,174.0,63.6,22.0,-34.03006813647128,18.46480335972871,-34.03023704127133,18.46560346134244
59,9094947903,Run,6274.6,1936,1940,47.4,2023-05-18T17:05:39Z,3.241,9.474,154.9,176.0,63.6,22.4,-34.03002189289811,18.46491269427929,-34.03055009032568,18.46589971330908
60,9094947670,Run,917.7,301,301,8.5,2023-05-16T16:58:02Z,3.049,4.494,72.6,146.0,31.5,22.7,-34.03008620565605,18.4652742799334,-34.02229580006479,18.46698077183519
61,9076309262,Run,6248.7,1926,1926,46.0,2023-05-15T17:33:52Z,3.244,5.995,144.9,176.0,63.6,22.4,-34.03000796994836,18.46560467442121,-34.03031130950976,18.46553994712973
62,9052407499,Run,6301.7,1928,1937,49.9,2023-05-11T16:47:35Z,3.269,7.314,150.9,173.0,64.5,22.0,-34.03006616561954,18.46468570531391,-34.03021125791727,18.46561238410777
63,9046120428,Run,6319.9,1916,1930,47.4,2023-05-10T16:14:14Z,3.298,5.702,160.7,193.0,64.6,22.0,-34.03008868676781,18.4649547789258,-34.03048246533001,18.46587951838379
64,9040335876,Run,11504.2,3091,4586,179.0,2023-05-09T16:18:22Z,3.722,20.744,117.1,166.0,173.4,31.2,-33.96012773021243,18.45475555611355,-34.01856070384383,18.46499271690845
65,9016088530,Run,6246.8,1935,1941,46.1,2023-05-05T17:54:33Z,3.228,7.216,165.0,185.0,63.6,22.4,-34.03002384383934,18.46487492505128,-34.03066380999297,18.46540570527107
66,9010350102,Run,6308.5,1919,1924,46.1,2023-05-04T17:36:53Z,3.287,5.628,137.8,179.0,63.6,22.4,-34.03002106231843,18.46482182958379,-34.03020600204473,18.46559962603369
67,8997591614,Run,6409.0,1897,1897,46.6,2023-05-02T17:40:47Z,3.378,5.229,143.6,175.0,63.6,22.0,-34.03004723547529,18.46490320429075,-34.03018697537601,18.46563337666781
68,8972803697,Run,6242.5,1861,1921,49.8,2023-04-28T17:43:44Z,3.354,11.697,151.4,179.0,65.0,22.0,-34.0300842147381,18.46486539562185,-34.03021286508883,18.46570913116367
69,8955046860,Run,6287.0,1927,1938,50.8,2023-04-25T16:45:40Z,3.263,8.797,160.6,186.0,64.3,22.0,-34.03007735349745,18.46478885288785,-34.03020240957995,18.46561470266919
70,8949516924,Run,5752.3,1716,2902,10.9,2023-04-24T17:52:54Z,3.352,5.562,160.2,189.0,29.7,20.1,-33.96137280614236,18.47788292420664,-33.95112084321686,18.48418450235414
71,8931349686,Run,6213.1,1839,1843,46.0,2023-04-21T17:40:26Z,3.379,5.253,136.1,170.0,63.6,22.4,-34.02982947667275,18.46569151976448,-34.03019463231742,18.46568415819825
72,8925840401,Run,5536.5,1645,1649,44.0,2023-04-20T18:17:05Z,3.366,11.258,68.6,175.0,57.3,22.0,-34.03006196741001,18.4647770888503,-34.03017441503896,18.46567529683847
73,8913565861,Run,6206.0,1784,1950,46.7,2023-04-18T17:51:37Z,3.479,11.019,153.2,179.0,63.6,22.0,-34.03011922622248,18.46494747007188,-34.03021718814765,18.46565194368823
74,8837725964,Run,6348.4,1828,1853,46.9,2023-04-05T17:54:31Z,3.473,10.357,157.9,178.0,63.8,22.0,-34.03006748291416,18.46472492928549,-34.03018144134013,18.46568034328409
75,8825886373,Run,6299.6,1831,1842,46.7,2023-04-03T18:25:51Z,3.441,7.283,157.0,178.0,63.6,22.0,-34.03000485717831,18.46497942822159,-34.03017754891172,18.46563049465741
76,8803865211,Run,6257.6,1807,1813,46.8,2023-03-30T18:25:33Z,3.463,7.602,148.7,172.0,63.6,22.0,-34.02973054813877,18.46555502790613,-34.03018552918599,18.46564801436911
77,8792355205,Run,6168.8,1832,1836,46.2,2023-03-28T17:55:07Z,3.367,7.451,156.7,174.0,63.1,22.0,-34.02915566783034,18.465587668123,-34.03045547777834,18.46551495144517
78,8786991985,Run,6288.2,1852,1865,51.2,2023-03-27T18:40:47Z,3.395,10.367,144.4,165.0,63.6,22.0,-34.03003149898797,18.4651542179405,-34.03016759200051,18.46561257417153
79,8782127918,Run,4950.5,1388,1430,39.8,2023-03-26T18:44:37Z,3.567,14.85,142.0,173.0,57.3,22.7,-34.03003722295416,18.46488260429952,-34.03003521375648,18.46451582466169
80,8769934468,Run,6318.9,1871,1871,46.7,2023-03-24T17:57:02Z,3.377,14.431,151.5,173.0,63.6,22.0,-34.030082043202,18.46489770404784,-34.03015047780635,18.46562985952046
81,8764622674,Run,6294.2,1826,1832,51.7,2023-03-23T18:03:54Z,3.447,8.273,156.3,185.0,63.3,22.0,-34.02996657779787,18.46553103387793,-34.03038393032801,18.46549234686184
82,8759160272,Run,5377.1,2566,3345,83.8,2023-03-22T17:42:47Z,2.096,7.622,104.2,138.0,102.3,28.2,-33.97028763810036,18.46152435138847,-33.97361289000077,18.46212783467243
83,8753183820,Run,6199.1,1837,1845,46.7,2023-03-21T18:37:34Z,3.375,7.024,161.0,178.0,63.6,22.0,-34.02978559723353,18.46560182356096,-34.0303087019265,18.46559770188873
84,8725035135,Run,6171.2,1867,1874,49.8,2023-03-16T18:42:00Z,3.305,8.474,152.5,183.0,63.6,20.3,-34.02957475836556,18.46561041235949,-34.0308982710736,18.46528684392172
85,8719407161,Run,6099.6,1846,1852,46.8,2023-03-15T18:31:48Z,3.304,9.039,159.9,176.0,63.6,22.0,-34.02968929557288,18.46563479987108,-34.03097046035848,18.46505324136037
86,8708831218,Run,6324.7,1901,1917,44.9,2023-03-13T18:47:05Z,3.327,10.958,140.0,172.0,63.3,22.4,-34.02999030676403,18.46560992784002,-34.03065878110488,18.46540832455611
87,8703940053,Run,5777.2,1763,1779,49.0,2023-03-12T18:56:08Z,3.277,11.583,153.0,173.0,64.0,22.0,-34.03003704901679,18.46563893864163,-34.03216691791247,18.46138288088579
88,8691993911,Run,6281.4,1812,1820,51.3,2023-03-10T19:08:08Z,3.467,12.651,160.1,183.0,63.0,22.0,-34.03010597315795,18.46507019888517,-34.03015611648897,18.46561379615022
89,8681715219,Run,6328.6,1868,1908,48.5,2023-03-08T18:42:35Z,3.388,15.33,153.6,187.0,65.6,22.0,-34.03004668881717,18.46475205473912,-34.0302370881662,18.46560348528627
90,8675978567,Run,6288.3,1884,1888,48.0,2023-03-07T18:06:46Z,3.338,9.648,157.6,178.0,63.6,22.4,-34.0300852633715,18.4647409393387,-34.03044226349268,18.46548243807419
91,8670820223,Run,4161.6,2056,2468,147.4,2023-03-06T18:13:06Z,2.024,6.639,117.6,156.0,182.0,59.6,-33.96337603481257,18.4585507203816,-33.96224868260452,18.45911873197595
92,8648638385,Run,6245.3,1711,1760,52.8,2023-03-02T19:32:39Z,3.65,13.954,155.0,189.0,64.7,22.0,-34.0302106714801,18.46461060178843,-34.03003398465574,18.46455613770566
93,8642830704,Run,6241.1,1921,1925,46.7,2023-03-01T18:39:41Z,3.249,7.182,156.9,183.0,63.6,22.0,-34.03004501354382,18.46506928607041,-34.03067882226769,18.46555601645395
94,8642830452,Run,6600.3,2847,3011,50.1,2023-02-27T18:54:37Z,2.318,9.21,120.5,189.0,57.3,20.0,-34.025284,18.473736,-34.024224,18.470596
95,8605015181,Run,6318.3,1903,2003,46.2,2023-02-22T18:51:24Z,3.32,10.867,156.9,176.0,64.0,22.4,-34.03005331650869,18.46497269253518,-34.03044009106286,18.46551263313326
96,8599669828,Run,6286.6,1936,1946,47.7,2023-02-21T19:21:17Z,3.247,16.791,148.1,174.0,65.4,22.4,-34.03005244232574,18.46486611279998,-34.03037754130619,18.46558036499793
97,8593979378,Run,6446.2,2471,2673,33.3,2023-02-20T18:13:10Z,2.609,11.346,115.2,168.0,29.8,12.5,-33.95997692225829,18.47852251119514,-33.9511281454788,18.48430291702706
98,8588602226,Run,6315.7,1967,1978,48.8,2023-02-19T18:07:32Z,3.211,6.982,154.9,178.0,63.5,22.0,-34.03003090852831,18.46481234995446,-34.03036201954845,18.46567882957601
99,8571518647,Run,2989.7,504,1911,8.4,2023-02-16T17:23:41Z,5.932,4.642,151.9,170.0,31.2,22.4,-34.03007353971476,18.4651000117428,-34.03027643730633,18.46603498906505
100,8561164452,Run,6293.0,1938,1938,46.0,2023-02-14T18:19:41Z,3.247,9.632,153.7,173.0,63.6,22.4,-34.03006609845134,18.46478841501018,-34.03046281824914,18.46564792728041
101,8555992510,Ride,6505.4,2698,2770,37.7,2023-02-13T18:59:16Z,2.411,12.117,119.0,158.0,30.0,13.0,-33.96075162120921,18.47817095186054,-33.95109006767262,18.48427379868294
102,8550087419,Run,6330.5,1916,1916,46.7,2023-02-12T18:00:06Z,3.304,6.931,167.6,185.0,63.6,22.0,-34.03007317794135,18.46479604298272,-34.03013098497321,18.46548729249441
103,8528311920,Run,4179.5,2045,2198,3.7,2023-02-08T17:53:37Z,2.044,6.639,119.8,134.0,10.5,6.6,-33.89945798976262,18.40351932410346,-33.90775668204734,18.39416413592266
104,8522003950,Run,5887.8,1755,1885,46.1,2023-02-07T19:38:19Z,3.355,8.655,157.8,181.0,63.6,22.7,-34.03005828512163,18.46482919882106,-34.03016026522165,18.46438412495614
105,8516068734,Run,6353.1,1926,1926,47.1,2023-02-06T19:02:57Z,3.299,10.143,161.3,180.0,64.4,22.0,-34.03001538269319,18.46475645257703,-34.03021294624211,18.4656030641754
106,8494309425,Run,5650.2,2508,2678,114.9,2023-02-02T18:50:04Z,2.253,8.368,118.5,137.0,108.0,26.5,-33.97060852233259,18.46258953747736,-33.97373208960287,18.46275738665755
107,8473636804,Run,6320.9,1980,1992,47.1,2023-01-29T19:31:46Z,3.192,9.458,153.0,180.0,64.6,22.0,-34.03006113015287,18.46483541905479,-34.0303093095642,18.46565362521426
108,8455425304,Run,6297.7,1963,1963,46.4,2023-01-26T16:44:44Z,3.208,14.555,158.7,177.0,64.0,22.4,-34.0300308241027,18.4649157198179,-34.03034496679548,18.46568663724999
109,8445243764,Run,5991.0,1963,2766,24.0,2023-01-24T18:44:11Z,3.052,6.01,121.0,158.0,29.7,12.6,-33.96038290509865,18.4775829385467,-33.95108449422117,18.4842096453991
110,8439467629,Run,6488.9,1962,2049,46.7,2023-01-23T18:29:45Z,3.307,8.418,156.5,183.0,63.6,22.0,-34.0299872691232,18.46492561477096,-34.03016464574265,18.46457673285926
111,8413226304,Run,6356.8,2050,2050,46.1,2023-01-18T19:23:10Z,3.101,7.021,148.2,182.0,63.6,22.4,-34.03000218765634,18.46482644553373,-34.03018592169829,18.46563529140468
112,8407745732,Run,6264.6,2899,3072,27.8,2023-01-17T18:18:01Z,2.161,6.23,115.9,155.0,29.7,12.6,-33.95992490286014,18.47842294067854,-33.9511432186403,18.48428517730867
113,8382821348,Run,6679.0,2598,2856,28.2,2023-01-12T19:18:08Z,2.571,7.614,122.6,144.0,29.7,14.0,-33.95980838676135,18.47882583938324,-33.95112445122904,18.48437316330909
114,8372995005,Run,6761.9,3058,4258,216.6,2023-01-11T08:11:40Z,2.211,8.424,121.7,140.0,243.2,53.7,-33.96636343276067,18.4564422490541,-33.96876424349296,18.4588465303245
115,8370181765,Run,4774.7,1503,1509,39.8,2023-01-10T19:45:32Z,3.177,5.252,143.9,171.0,57.3,22.7,-34.02964573983718,18.46568561757574,-34.03013292623,18.4644793323251
116,8360105662,Run,7368.8,1650,1658,44.3,2023-01-08T19:50:21Z,4.466,27.264,140.8,183.0,57.3,21.7,-34.0249136114979,18.46416593513699,-34.03023812305737,18.46572292510536
117,8354279718,Run,4874.3,1526,1529,40.4,2023-01-07T19:59:41Z,3.194,6.418,132.5,174.0,57.3,22.0,-34.03001557462469,18.46473643641074,-34.03011697786607,18.46444673888751
118,8307874672,Run,6316.7,1939,1943,53.5,2022-12-29T18:36:01Z,3.258,10.994,127.5,176.0,63.9,21.9,-34.03001156845092,18.46479648846493,-34.03037898001024,18.46586937133523
119,8303416387,Run,6377.7,1899,1918,50.3,2022-12-28T19:23:07Z,3.358,11.255,148.6,186.0,63.0,21.9,-34.03000187751223,18.46479030460837,-34.03008801026689,18.46557056178084
120,8282907681,Run,6380.4,1886,1897,49.0,2022-12-23T18:42:44Z,3.383,9.993,156.4,176.0,63.1,21.4,-34.03004594221775,18.46476654096244,-34.0302190293851,18.46563544438138
121,8275288563,Run,6304.2,1982,1994,48.1,2022-12-21T18:38:36Z,3.181,7.772,155.6,182.0,63.1,21.9,-34.03001836321905,18.46473650134661,-34.03038889551085,18.46562670654869
122,8271416146,Run,6305.1,1942,1954,47.9,2022-12-20T19:20:46Z,3.247,14.088,146.7,173.0,63.2,21.9,-34.03005734821734,18.46498768250805,-34.03025737215983,18.46574918008377
123,8255780411,Run,6237.6,1996,2000,48.1,2022-12-16T19:13:05Z,3.125,6.34,154.1,176.0,63.1,21.9,-34.03009166636267,18.46513217395638,-34.03037365623531,18.46595280586903
124,8248465206,Run,6312.7,1867,1867,45.9,2022-12-14T19:29:20Z,3.381,6.825,156.5,181.0,63.1,22.1,-34.03002770782979,18.46499408463354,-34.03024642463348,18.46565279250103
125,8244727883,Run,5181.1,2299,2616,27.4,2022-12-13T18:20:16Z,2.254,7.795,114.3,141.0,29.8,12.0,-33.95985042020958,18.47863585057502,-33.95942318668058,18.4794117902375
126,8240540555,Run,2752.3,827,827,15.9,2022-12-12T19:48:42Z,3.328,5.367,147.3,176.0,32.2,22.3,-34.03006104158156,18.46477969979096,-34.03010202735283,18.46449665390201
127,8215954536,Run,5484.7,2244,2441,113.6,2022-12-06T18:52:56Z,2.444,13.077,118.8,137.0,111.7,27.7,-33.970826190907,18.4630049710163,-33.97329208838554,18.46204185524865
128,8211126399,Run,10504.5,3246,3684,71.7,2022-12-05T18:13:15Z,3.236,6.695,156.6,174.0,63.1,16.8,-34.0300197163448,18.46472961441708,-34.02997878305915,18.46556896063716
129,8202873728,Run,5858.8,1787,1796,51.0,2022-12-03T19:04:54Z,3.279,9.237,161.7,180.0,63.1,22.3,-34.03005030766996,18.4648535746936,-34.03004147623042,18.46458377513301
130,8198298344,Run,5919.5,1764,1776,49.9,2022-12-02T18:28:29Z,3.356,9.05,153.7,175.0,63.1,22.3,-34.0300105535344,18.46474311794201,-34.03008946314357,18.46462908689453
131,8189964048,Run,5800.5,1834,1834,45.9,2022-11-30T18:55:27Z,3.163,7.049,153.0,173.0,63.1,22.3,-34.03009813595115,18.4650370992319,-34.03023851687785,18.46458062193273
132,8185747263,Run,6159.3,2648,2864,23.3,2022-11-29T18:54:07Z,2.326,7.105,118.5,136.0,29.7,13.1,-33.9598324539453,18.47868682567843,-33.95110990923413,18.48427900918296
133,8177142258,Run,5919.1,1800,1827,47.8,2022-11-27T19:12:55Z,3.288,19.291,155.0,177.0,65.2,22.3,-34.0299908858168,18.4647001716778,-34.03032837807326,18.46467146753986
134,8167017225,Run,6020.2,1877,1891,45.9,2022-11-25T17:57:28Z,3.207,6.288,151.7,188.0,63.1,22.3,-34.03011452965334,18.46469774476058,-34.03107744251956,18.46450903089897
135,8162579903,Run,5994.1,2687,2796,45.7,2022-11-24T17:02:23Z,2.231,7.843,119.3,146.0,63.0,22.3,-34.03009584231161,18.46464407122001,-34.03118035398825,18.46446662651601
136,8158286889,Run,5911.9,1840,1840,45.9,2022-11-23T18:31:02Z,3.213,9.183,153.6,173.0,63.1,22.3,-34.03009413238897,18.46488472471065,-34.03006091334338,18.46450936122973
137,8151922427,Run,4746.2,2118,2148,0.0,2022-11-22T08:58:27Z,2.241,3.687,117.1,128.0,11.1,8.6,-33.90058632702016,18.40120268578361,-33.90125033590856,18.40070787307308
138,8149352018,Run,5799.9,1789,1789,45.9,2022-11-21T18:31:24Z,3.242,7.651,109.2,179.0,63.1,22.3,-34.0300325539232,18.46477129188479,-34.03004799630816,18.46447237360946
139,8140728298,Run,5907.4,1851,1875,49.9,2022-11-19T19:04:48Z,3.191,8.13,149.9,177.0,63.4,22.3,-34.03014815825561,18.46480315660052,-34.03006822886663,18.46458198883972
140,8140726790,Run,5624.3,2361,2546,106.0,2022-11-15T18:12:15Z,2.382,15.624,58.3,153.0,105.8,27.3,-33.971628,18.462901,-33.973906,18.461933
141,8097499726,Run,6409.2,2654,2767,30.8,2022-11-10T16:50:52Z,2.415,6.789,129.3,146.0,30.7,12.7,-33.959674,18.478809,-33.951098,18.484436
142,8092589424,Run,5841.3,1770,1770,48.8,2022-11-09T17:34:54Z,3.3,5.532,164.6,176.0,63.4,22.3,-34.02992875378121,18.46517430411265,-34.03004144008395,18.46454394897296
143,8087897269,Run,5818.5,1731,1734,45.9,2022-11-08T18:42:10Z,3.361,10.075,150.7,179.0,63.1,22.3,-34.03005190856775,18.46558599322735,-34.03009334941904,18.46452049419121
144,8082742558,Run,6196.0,1963,1970,48.2,2022-11-07T17:56:51Z,3.156,9.315,161.1,185.0,66.9,22.8,-34.02973717649212,18.46547078142266,-34.03008446265454,18.46452946210669
145,8058639136,Run,5979.1,2652,2688,27.6,2022-11-02T17:53:30Z,2.255,10.364,13.2,151.0,29.7,12.0,-33.95986537123468,18.47899220809917,-33.95242671711863,18.48613659374995
146,8051258902,Run,5838.0,2485,2540,3.1,2022-11-01T09:03:00Z,2.349,4.331,122.9,134.0,10.9,7.6,-33.90071368363031,18.40044355470925,-33.90039767202859,18.40240967138197
147,8038259530,Run,3530.1,1244,1247,17.2,2022-10-29T18:34:23Z,2.838,4.598,151.3,171.0,33.8,22.3,-34.03008254448881,18.46544699255569,-34.03003066943345,18.46565777399978
148,8015640269,Run,5096.4,1599,2660,75.5,2022-10-25T08:39:25Z,3.187,4.589,117.4,140.0,411.5,362.9,-33.95224769599736,18.41248185373843,-33.95235099768264,18.41264610406663
149,8013222122,Run,3511.1,1065,1070,17.0,2022-10-24T19:23:50Z,3.297,9.099,132.0,165.0,33.9,22.3,-34.0300630812286,18.4655960971233,-34.03010154826114,18.46552867957998
150,7997373166,Run,5836.9,1758,1762,45.9,2022-10-21T16:43:35Z,3.32,6.418,156.6,174.0,63.1,22.3,-34.03013750646709,18.46473461270298,-34.03005796897481,18.46461098005876
151,7993236409,Run,4917.9,1455,1464,40.0,2022-10-20T18:25:11Z,3.38,7.429,143.7,176.0,57.2,22.3,-34.03008209169607,18.46471142688106,-34.03012278834498,18.46451518547268
152,7988520823,Run,3524.1,1040,1040,17.1,2022-10-19T18:43:52Z,3.389,5.321,141.5,168.0,33.8,22.3,-34.03003631507638,18.46556949727496,-34.03005901506118,18.46559051360168
153,7947516553,Run,4692.4,2211,2236,70.0,2022-10-11T16:41:30Z,2.122,3.893,,,93.9,27.8,-33.9709818,18.4639644,-33.9734933,18.4621691
